Cycle;FreqIndex;Omega;Iterations;Error;Time;FromFunction
0;1;10.78004;37;9.109544230057054e-9;58.327414974;getData
0;1;10.78004;16;9.905298793455586e-5;23.271086362;SensTMatVec
0;1;10.78004;18;9.999253234127536e-5;26.297054019;SensMatVec
0;1;10.78004;17;6.168828986119479e-5;24.825335167;SensTMatVec
0;1;10.78004;18;9.729762678034604e-5;26.306467593;SensMatVec
0;1;10.78004;17;5.6576049246359617e-5;24.803761284;SensTMatVec
0;1;10.78004;18;9.052611130755395e-5;26.329636008;SensMatVec
0;1;10.78004;16;9.71644331002608e-5;23.401216648;SensTMatVec
0;1;10.78004;18;8.504656580043957e-5;26.288512962;SensMatVec
0;1;10.78004;16;9.893382957670838e-5;23.384510083;SensTMatVec
0;1;10.78004;18;8.252857514889911e-5;27.045864261;SensMatVec
0;1;10.78004;16;9.793778008315712e-5;23.393451724;SensTMatVec
0;1;10.78004;30;8.38441316375338e-9;43.878992056;getData
0;1;10.78004;16;7.702842412982136e-5;23.492557542;SensTMatVec
0;1;10.78004;18;7.8292861871887e-5;26.310787466;SensMatVec
0;1;10.78004;16;8.587000047555193e-5;23.387480935;SensTMatVec
0;1;10.78004;18;7.953581371111795e-5;26.350188421;SensMatVec
0;1;10.78004;16;7.678834663238376e-5;23.404457765;SensTMatVec
0;1;10.78004;18;7.888612162787467e-5;26.352261299;SensMatVec
0;1;10.78004;16;8.910032192943618e-5;23.49694939;SensTMatVec
0;1;10.78004;18;6.128278619144112e-5;26.367687509;SensMatVec
0;1;10.78004;16;6.913333345437422e-5;23.468142743;SensTMatVec
0;1;10.78004;18;6.840401329100132e-5;26.36883943;SensMatVec
0;1;10.78004;16;8.106723544187844e-5;23.451342087;SensTMatVec
0;1;10.78004;18;7.600545359309763e-5;26.376579375;SensMatVec
0;1;10.78004;16;8.15802050055936e-5;23.457292145;SensTMatVec
0;1;10.78004;17;9.921265882439911e-5;25.435063524;SensMatVec
0;1;10.78004;16;7.988571451278403e-5;23.39757014;SensTMatVec
0;1;10.78004;38;5.872800912243292e-9;55.475722095;getData
0;1;10.78004;16;9.891112131299451e-5;23.459313103;SensTMatVec
0;1;10.78004;20;7.027484389254823e-5;29.205142408;SensMatVec
0;1;10.78004;17;6.947168003534898e-5;24.862655663;SensTMatVec
0;1;10.78004;19;9.321163088316098e-5;27.816270238;SensMatVec
0;1;10.78004;17;6.198129995027557e-5;24.874867414;SensTMatVec
0;1;10.78004;19;9.349467291031033e-5;27.731407981;SensMatVec
0;1;10.78004;17;7.783352339174598e-5;24.867329069;SensTMatVec
0;1;10.78004;19;8.980090206023306e-5;27.736576972;SensMatVec
0;1;10.78004;17;7.61299961595796e-5;24.869564382;SensTMatVec
0;1;10.78004;19;8.41713190311566e-5;27.772416359;SensMatVec
0;1;10.78004;17;6.988106906646863e-5;24.888054726;SensTMatVec
0;1;10.78004;20;7.006469240877777e-5;29.237858768;SensMatVec
0;1;10.78004;17;7.102819654392079e-5;24.883394997;SensTMatVec
0;1;10.78004;19;6.114535790402442e-5;27.795184851;SensMatVec
0;1;10.78004;17;5.624912591883913e-5;24.913527324;SensTMatVec
0;1;10.78004;39;9.774565157272264e-9;57.08947294;getData
0;1;10.78004;18;8.640917803859338e-5;26.439269107;SensTMatVec
0;1;10.78004;23;7.299658318515867e-5;34.171730229;SensMatVec
0;1;10.78004;19;6.317595398286358e-5;27.731450613;SensTMatVec
0;1;10.78004;22;7.992552127689123e-5;32.160899005;SensMatVec
0;1;10.78004;18;9.936957940226421e-5;26.284495241;SensTMatVec
0;1;10.78004;22;7.668675243621692e-5;32.206901731;SensMatVec
0;1;10.78004;18;9.264680556952953e-5;26.298215095;SensTMatVec
0;1;10.78004;22;6.904542533447966e-5;32.205191543;SensMatVec
0;1;10.78004;18;9.292532195104286e-5;26.271514492;SensTMatVec
0;1;10.78004;22;7.021080091362819e-5;32.235364245;SensMatVec
0;1;10.78004;19;6.489242514362559e-5;27.776348349;SensTMatVec
0;1;10.78004;22;9.423465235158801e-5;32.272949683;SensMatVec
0;1;10.78004;19;6.379148544510826e-5;27.765312514;SensTMatVec
0;1;10.78004;22;8.061956759775057e-5;32.185614833;SensMatVec
0;1;10.78004;19;6.216987821971998e-5;27.671144085;SensTMatVec
0;1;10.78004;40;8.492089698108884e-9;58.640470629;getData
0;1;10.78004;20;7.652300701010972e-5;29.434431317;SensTMatVec
0;1;10.78004;24;6.291580211836845e-5;35.667968579;SensMatVec
0;1;10.78004;20;9.607405809219927e-5;29.247072568;SensTMatVec
0;1;10.78004;24;8.516869274899364e-5;35.132527437;SensMatVec
0;1;10.78004;20;8.080982661340386e-5;29.197845791;SensTMatVec
0;1;10.78004;24;6.353245407808572e-5;35.170539251;SensMatVec
0;1;10.78004;20;9.265745029551908e-5;29.277215869;SensTMatVec
0;1;10.78004;23;8.74900069902651e-5;33.735416564;SensMatVec
0;1;10.78004;20;8.155407704180107e-5;29.289991491;SensTMatVec
0;1;10.78004;23;9.914259135257453e-5;33.785905282;SensMatVec
0;1;10.78004;20;7.980709779076278e-5;29.257107932;SensTMatVec
0;1;10.78004;24;7.887375977588817e-5;35.231339956;SensMatVec
0;1;10.78004;20;8.914087084122002e-5;29.261920205;SensTMatVec
0;1;10.78004;23;7.511835428886116e-5;33.770643117;SensMatVec
0;1;10.78004;20;8.979419362731278e-5;29.374917918;SensTMatVec
0;1;10.78004;49;9.165331604776839e-9;71.787088571;getData
0;1;10.78004;22;8.409980364376679e-5;32.437600906;SensTMatVec
0;1;10.78004;26;6.43274761387147e-5;38.586543243;SensMatVec
0;1;10.78004;22;9.500869055045769e-5;32.259376828;SensTMatVec
0;1;10.78004;25;7.010850094957277e-5;36.618969283;SensMatVec
0;1;10.78004;22;8.088065806077793e-5;32.296794983;SensTMatVec
0;1;10.78004;25;8.200812590075657e-5;36.63590463;SensMatVec
0;1;10.78004;22;8.687772060511634e-5;32.258982456;SensTMatVec
0;1;10.78004;25;6.686896813334897e-5;36.643692879;SensMatVec
0;1;10.78004;22;8.60274740261957e-5;32.291280943;SensTMatVec
0;1;10.78004;25;6.949781527509913e-5;36.577173506;SensMatVec
0;1;10.78004;22;8.296941814478487e-5;32.269235716;SensTMatVec
0;1;10.78004;25;7.741517765680328e-5;36.673183655;SensMatVec
0;1;10.78004;22;9.510000381851569e-5;32.318718609;SensTMatVec
0;1;10.78004;25;7.79352048994042e-5;36.655794788;SensMatVec
0;1;10.78004;22;9.223809320246801e-5;32.293741565;SensTMatVec
0;1;10.78004;50;6.7139720449915785e-9;73.229523389;getData
0;1;10.78004;23;8.522297866875306e-5;33.806323228;SensTMatVec
0;1;10.78004;26;9.848570334725082e-5;38.167965188;SensMatVec
0;1;10.78004;24;7.17160728527233e-5;35.318920016;SensTMatVec
0;1;10.78004;26;8.67497074068524e-5;38.653129429;SensMatVec
0;1;10.78004;23;8.224618795793504e-5;33.764559947;SensTMatVec
0;1;10.78004;26;9.029253124026582e-5;38.030173184;SensMatVec
0;1;10.78004;24;7.351233944064006e-5;35.169439686;SensTMatVec
0;1;10.78004;26;7.523628300987184e-5;38.116955501;SensMatVec
0;1;10.78004;24;6.94551708875224e-5;35.115432861;SensTMatVec
0;1;10.78004;26;8.968902693595737e-5;38.058530061;SensMatVec
0;1;10.78004;23;9.619253978598863e-5;33.732389584;SensTMatVec
0;1;10.78004;26;9.694311302155256e-5;38.165801544;SensMatVec
0;1;10.78004;24;6.870835204608738e-5;35.484690326;SensTMatVec
0;1;10.78004;25;9.255078475689515e-5;36.789345752;SensMatVec
0;1;10.78004;23;8.760798664297909e-5;33.936442602;SensTMatVec
0;1;10.78004;49;9.163711567339305e-9;72.067934547;getData
0;1;10.78004;22;7.346105121541768e-5;32.553621966;SensTMatVec
0;1;10.78004;25;9.334765491075814e-5;36.873528537;SensMatVec
0;1;10.78004;22;9.293216135120019e-5;32.542372025;SensTMatVec
0;1;10.78004;25;7.481707871193066e-5;37.191374996;SensMatVec
0;1;10.78004;22;8.602594607509673e-5;32.324311958;SensTMatVec
0;1;10.78004;24;9.423306619282812e-5;35.212047643;SensMatVec
0;1;10.78004;22;9.006079199025407e-5;32.267011127;SensTMatVec
0;1;10.78004;24;9.873406816041097e-5;35.220824215;SensMatVec
0;1;10.78004;22;8.796746260486543e-5;32.314784359;SensTMatVec
0;1;10.78004;25;7.043738878564909e-5;36.737146363;SensMatVec
0;1;10.78004;22;8.499627438141033e-5;32.326941422;SensTMatVec
0;1;10.78004;25;8.174227696144953e-5;36.662464626;SensMatVec
0;1;10.78004;22;9.234699246007949e-5;32.357564995;SensTMatVec
0;1;10.78004;24;7.482041837647557e-5;35.179237191;SensMatVec
0;1;10.78004;22;7.903020741650835e-5;32.297672306;SensTMatVec
0;1;10.78004;50;8.301782372654998e-9;73.566642192;getData
0;1;10.78004;24;7.97053289716132e-5;35.367070816;SensTMatVec
0;1;10.78004;28;7.381354225799441e-5;41.158160718;SensMatVec
0;1;10.78004;25;8.704242645762861e-5;36.850813147;SensTMatVec
0;1;10.78004;27;8.826385601423681e-5;40.149000808;SensMatVec
0;1;10.78004;24;9.842311555985361e-5;35.246411871;SensTMatVec
0;1;10.78004;26;8.754601731197909e-5;38.139109138;SensMatVec
0;1;10.78004;24;8.727012755116448e-5;35.252885389;SensTMatVec
0;1;10.78004;27;9.110524115385488e-5;39.65733421;SensMatVec
0;1;10.78004;25;7.32664339011535e-5;36.771611977;SensTMatVec
0;1;10.78004;27;8.361528307432309e-5;39.593939996;SensMatVec
0;1;10.78004;25;7.970802107593045e-5;36.68645613;SensTMatVec
0;1;10.78004;27;7.6360534876585e-5;39.550246228;SensMatVec
0;1;10.78004;25;6.595569720957428e-5;36.661829481;SensTMatVec
0;1;10.78004;27;7.725643081357703e-5;39.640078682;SensMatVec
0;1;10.78004;25;7.416019798256457e-5;36.736832192;SensTMatVec
0;1;10.78004;50;7.110559696599239e-9;73.497806379;getData
0;1;10.78004;23;8.120707207126543e-5;33.884792182;SensTMatVec
0;1;10.78004;27;7.772304525133222e-5;39.770685328;SensMatVec
0;1;10.78004;24;7.945169636514038e-5;35.38139906;SensTMatVec
0;1;10.78004;26;9.648576815379784e-5;38.24125433;SensMatVec
0;1;10.78004;24;7.085780089255422e-5;35.363251167;SensTMatVec
0;1;10.78004;26;7.316318806260824e-5;38.704535024;SensMatVec
0;1;10.78004;23;9.14107367862016e-5;33.7761395;SensTMatVec
0;1;10.78004;26;8.659506420372054e-5;38.122276712;SensMatVec
0;1;10.78004;24;8.159199205692858e-5;35.239110624;SensTMatVec
0;1;10.78004;26;8.694522693986073e-5;38.139018609;SensMatVec
0;1;10.78004;24;7.858502067392692e-5;35.236846219;SensTMatVec
0;1;10.78004;27;6.627538823522627e-5;39.599018305;SensMatVec
0;1;10.78004;24;7.603228004882112e-5;35.274763721;SensTMatVec
0;1;10.78004;26;8.21677313069813e-5;38.328261591;SensMatVec
0;1;10.78004;24;6.586866220459342e-5;35.332510947;SensTMatVec
0;1;10.78004;60;8.395824480089686e-9;88.193719926;getData
0;1;10.78004;25;7.524232205469161e-5;36.780959988;SensTMatVec
0;1;10.78004;29;7.815643766662106e-5;42.613387997;SensMatVec
0;1;10.78004;26;8.289649122161791e-5;38.21720743;SensTMatVec
0;1;10.78004;28;9.637117909733206e-5;41.139334952;SensMatVec
0;1;10.78004;25;9.174838487524539e-5;36.742164656;SensTMatVec
0;1;10.78004;28;8.652036922285333e-5;41.229722114;SensMatVec
0;1;10.78004;25;9.350179607281461e-5;36.876429313;SensTMatVec
0;1;10.78004;28;8.716413867659867e-5;41.627422498;SensMatVec
0;1;10.78004;26;7.412790000671521e-5;38.216434088;SensTMatVec
0;1;10.78004;28;8.933170465752482e-5;41.090184162;SensMatVec
0;1;10.78004;26;6.951290561119094e-5;38.22508522;SensTMatVec
0;1;10.78004;29;7.575430208817124e-5;42.538271778;SensMatVec
0;1;10.78004;26;7.325896876864135e-5;38.191065103;SensTMatVec
0;1;10.78004;27;9.746198338689283e-5;39.582925463;SensMatVec
0;1;10.78004;25;9.066845814231783e-5;36.689888394;SensTMatVec
0;1;10.78004;50;7.802628765318786e-9;73.351818707;getData
0;1;10.78004;23;9.03373074834235e-5;33.97725353;SensTMatVec
0;1;10.78004;27;9.105184290092438e-5;39.63990039;SensMatVec
0;1;10.78004;24;9.564674837747589e-5;35.331560379;SensTMatVec
0;1;10.78004;27;7.899731281213462e-5;39.616953116;SensMatVec
0;1;10.78004;24;9.267526911571622e-5;35.339637867;SensTMatVec
0;1;10.78004;26;8.620857261121273e-5;38.206827861;SensMatVec
0;1;10.78004;24;6.559171015396714e-5;35.257250376;SensTMatVec
0;1;10.78004;27;6.908169598318636e-5;40.189157865;SensMatVec
0;1;10.78004;24;9.64607679634355e-5;35.233231768;SensTMatVec
0;1;10.78004;27;6.586379458894953e-5;39.597881628;SensMatVec
0;1;10.78004;24;8.736773452255875e-5;35.242633443;SensTMatVec
0;1;10.78004;27;8.534586959285662e-5;39.571241445;SensMatVec
0;1;10.78004;24;9.991088882088661e-5;35.218710449;SensTMatVec
0;1;10.78004;26;8.479750249534845e-5;38.162356014;SensMatVec
0;1;10.78004;24;9.640478674555197e-5;35.241813776;SensTMatVec
0;1;10.78004;70;9.533248856996579e-9;102.772310038;getData
0;1;10.78004;25;9.305226558353752e-5;36.867066073;SensTMatVec
0;1;10.78004;29;9.87638850347139e-5;42.51812239;SensMatVec
0;1;10.78004;26;9.947707440005615e-5;38.224773478;SensTMatVec
0;1;10.78004;29;8.105356391752139e-5;42.576703267;SensMatVec
0;1;10.78004;26;7.697898399783298e-5;38.220706069;SensTMatVec
0;1;10.78004;28;9.867413609754294e-5;41.173781168;SensMatVec
0;1;10.78004;26;7.375820860033855e-5;38.295589896;SensTMatVec
0;1;10.78004;29;8.039159001782537e-5;42.906999544;SensMatVec
0;1;10.78004;26;8.780592906987295e-5;38.11478795;SensTMatVec
0;1;10.78004;29;7.941309013403952e-5;42.486102753;SensMatVec
0;1;10.78004;26;8.039128442760557e-5;38.128919259;SensTMatVec
0;1;10.78004;29;9.267041605198756e-5;42.44653614;SensMatVec
0;1;10.78004;26;8.603047172073275e-5;38.141315718;SensTMatVec
0;1;10.78004;28;8.015356434043497e-5;41.095101025;SensMatVec
0;1;10.78004;26;7.29155945009552e-5;38.18856713;SensTMatVec
0;1;10.78004;50;8.860352451733888e-9;73.315430876;getData
0;1;10.78004;24;6.818382098572329e-5;35.243986392;SensTMatVec
0;1;10.78004;28;6.859083805466071e-5;41.05310064;SensMatVec
0;1;10.78004;25;7.004428334766999e-5;36.743368023;SensTMatVec
0;1;10.78004;27;8.927354065235704e-5;39.707006337;SensMatVec
0;1;10.78004;25;6.991538975853473e-5;36.715344118;SensTMatVec
0;1;10.78004;26;9.075643174583092e-5;38.269506876;SensMatVec
0;1;10.78004;24;7.38339513191022e-5;35.320459675;SensTMatVec
0;1;10.78004;27;7.10680105839856e-5;39.614624098;SensMatVec
0;1;10.78004;25;7.151175668695942e-5;36.777011416;SensTMatVec
0;1;10.78004;27;6.741754623362795e-5;40.144600452;SensMatVec
0;1;10.78004;25;7.14123816578649e-5;36.6762681;SensTMatVec
0;1;10.78004;27;9.432018123334274e-5;39.61540222;SensMatVec
0;1;10.78004;25;7.443982758559287e-5;36.6958069;SensTMatVec
0;1;10.78004;27;8.177370182238519e-5;39.612366827;SensMatVec
0;1;10.78004;24;9.377277456223965e-5;35.302770943;SensTMatVec
0;1;10.78004;70;9.6245873493217e-9;102.603356516;getData
0;1;10.78004;26;7.881125929998234e-5;38.145534285;SensTMatVec
0;1;10.78004;30;8.355699537787586e-5;44.001286529;SensMatVec
0;1;10.78004;27;7.888035179348662e-5;39.657280848;SensTMatVec
0;1;10.78004;30;7.386474317172542e-5;44.033887329;SensMatVec
0;1;10.78004;26;8.718128083273768e-5;38.156027179;SensTMatVec
0;1;10.78004;29;8.486142178298905e-5;42.575905042;SensMatVec
0;1;10.78004;26;9.370978659717366e-5;38.176195372;SensTMatVec
0;1;10.78004;29;8.153856470016763e-5;42.490304705;SensMatVec
0;1;10.78004;27;6.917768041603267e-5;39.610928807;SensTMatVec
0;1;10.78004;30;7.324414764298126e-5;44.09234822;SensMatVec
0;1;10.78004;26;9.558122837916017e-5;38.23684571;SensTMatVec
0;1;10.78004;30;8.150919165927917e-5;44.501434965;SensMatVec
0;1;10.78004;27;7.685328455409035e-5;39.59688569;SensTMatVec
0;1;10.78004;28;9.191365097649395e-5;41.020742494;SensMatVec
0;1;10.78004;26;8.961549610830843e-5;38.111502482;SensTMatVec
0;1;10.78004;50;8.758496150562678e-9;73.198336635;getData
0;1;10.78004;24;7.431038829963654e-5;35.258420531;SensTMatVec
0;1;10.78004;28;7.17586517566815e-5;41.052030658;SensMatVec
0;1;10.78004;25;7.339558214880526e-5;36.74078665;SensTMatVec
0;1;10.78004;27;9.959925955627114e-5;39.588313093;SensMatVec
0;1;10.78004;25;8.311033161589876e-5;36.795175013;SensTMatVec
0;1;10.78004;26;9.723534458316863e-5;38.119587164;SensMatVec
0;1;10.78004;24;8.162397716660053e-5;35.264932817;SensTMatVec
0;1;10.78004;27;7.978947542142123e-5;39.642645657;SensMatVec
0;1;10.78004;25;7.790696690790355e-5;36.833389716;SensTMatVec
0;1;10.78004;27;7.728361379122362e-5;39.688818733;SensMatVec
0;1;10.78004;25;7.191380427684635e-5;36.773158701;SensTMatVec
0;1;10.78004;28;7.199169340310618e-5;41.136671807;SensMatVec
0;1;10.78004;25;8.494231587974355e-5;36.768716448;SensTMatVec
0;1;10.78004;27;7.064668170642108e-5;40.0975661;SensMatVec
0;1;10.78004;25;7.928044942673296e-5;36.645010681;SensTMatVec
0;1;10.78004;60;9.580531035169315e-9;87.86412319;getData
0;1;10.78004;26;8.640805026516318e-5;38.31979687;SensTMatVec
0;1;10.78004;30;9.116790170082822e-5;43.943248712;SensMatVec
0;1;10.78004;27;7.754905527690426e-5;39.586445716;SensTMatVec
0;1;10.78004;30;8.493047062074766e-5;43.986493835;SensMatVec
0;1;10.78004;26;9.628324914956465e-5;38.081299787;SensTMatVec
0;1;10.78004;29;8.272814739029855e-5;42.602286392;SensMatVec
0;1;10.78004;26;9.455509280087426e-5;38.233409591;SensTMatVec
0;1;10.78004;30;7.016854942776263e-5;44.02588851;SensMatVec
0;1;10.78004;27;7.213941717054695e-5;39.61226987;SensTMatVec
0;1;10.78004;30;8.001346577657387e-5;43.986471743;SensMatVec
0;1;10.78004;27;7.396484579658136e-5;39.70372476;SensTMatVec
0;1;10.78004;30;9.302794933319092e-5;43.983319068;SensMatVec
0;1;10.78004;27;7.4677103839349e-5;39.644169589;SensTMatVec
0;1;10.78004;29;7.880241173552349e-5;43.093179292;SensMatVec
0;1;10.78004;26;9.534457785775885e-5;38.114553235;SensTMatVec
0;1;10.78004;50;9.797602729122445e-9;73.483657762;getData
0;1;10.78004;24;8.747568062972277e-5;35.317502303;SensTMatVec
0;1;10.78004;28;8.785250975051895e-5;41.070413252;SensMatVec
0;1;10.78004;25;8.526787132723257e-5;36.796919926;SensTMatVec
0;1;10.78004;28;8.000115485629067e-5;41.074524791;SensMatVec
0;1;10.78004;25;9.536609286442399e-5;36.732569249;SensTMatVec
0;1;10.78004;27;7.633210043422878e-5;39.58501034;SensMatVec
0;1;10.78004;25;6.755004142178223e-5;36.742277707;SensTMatVec
0;1;10.78004;27;9.228465933119878e-5;39.630232035;SensMatVec
0;1;10.78004;25;8.938610699260607e-5;36.734070846;SensTMatVec
0;1;10.78004;27;9.521431638859212e-5;39.648240744;SensMatVec
0;1;10.78004;25;8.196105773095042e-5;36.718592262;SensTMatVec
0;1;10.78004;28;8.643931505503133e-5;41.119639111;SensMatVec
0;1;10.78004;25;9.999450412578881e-5;36.766701532;SensTMatVec
0;1;10.78004;27;7.934547465993091e-5;39.711388178;SensMatVec
0;1;10.78004;25;9.16470235097222e-5;36.807714902;SensTMatVec
0;1;10.78004;300;1.0550997409097818e-8;440.225635486;getData
0;1;10.78004;27;7.218609971459955e-5;39.727020427;SensTMatVec
0;1;10.78004;32;7.853507122490555e-5;47.625298643;SensMatVec
0;1;10.78004;27;8.935654477681965e-5;39.684821566;SensTMatVec
0;1;10.78004;32;7.88349425420165e-5;46.985995579;SensMatVec
0;1;10.78004;27;8.094444638118148e-5;39.610513719;SensTMatVec
0;1;10.78004;30;7.618699601152912e-5;43.917450185;SensMatVec
0;1;10.78004;27;7.786062633385882e-5;39.676542923;SensTMatVec
0;1;10.78004;30;8.22164147393778e-5;43.892188814;SensMatVec
0;1;10.78004;27;8.718577009858564e-5;39.546464077;SensTMatVec
0;1;10.78004;30;8.991186768980697e-5;43.942756507;SensMatVec
0;1;10.78004;27;8.97327990969643e-5;39.578729011;SensTMatVec
0;1;10.78004;32;8.881917892722413e-5;47.034767516;SensMatVec
0;1;10.78004;27;9.132325067184865e-5;39.695950301;SensTMatVec
0;1;10.78004;29;8.83653192431666e-5;42.545835922;SensMatVec
0;1;10.78004;27;7.090564031386748e-5;39.738244666;SensTMatVec
0;1;10.78004;60;9.295922254182187e-9;88.088088494;getData
0;1;10.78004;25;6.882975867483765e-5;36.850460652;SensTMatVec
0;1;10.78004;29;6.90271335770376e-5;42.875159571;SensMatVec
0;1;10.78004;25;9.270090231439099e-5;36.694444224;SensTMatVec
0;1;10.78004;28;9.233279706677422e-5;40.975736246;SensMatVec
0;1;10.78004;25;9.856357792159542e-5;36.633679939;SensTMatVec
0;1;10.78004;27;8.871316822478548e-5;39.553149282;SensMatVec
0;1;10.78004;25;7.582516991533339e-5;36.651433196;SensTMatVec
0;1;10.78004;28;7.801353058312088e-5;41.099066984;SensMatVec
0;1;10.78004;25;9.761502587934956e-5;36.761236701;SensTMatVec
0;1;10.78004;28;7.453091529896483e-5;41.032878049;SensMatVec
0;1;10.78004;25;9.88168831099756e-5;36.655072612;SensTMatVec
0;1;10.78004;29;6.875862163724378e-5;42.582266087;SensMatVec
0;1;10.78004;26;7.152376929298043e-5;38.145845621;SensTMatVec
0;1;10.78004;28;7.466354145435616e-5;40.992476114;SensMatVec
0;1;10.78004;25;9.532461990602314e-5;36.661411452;SensTMatVec
0;1;10.78004;300;1.2012193018051676e-8;440.099719584;getData
0;2;10.78004;38;8.386504823931773e-9;56.167231479;getData
0;2;10.78004;18;9.974352724384516e-5;26.642408305;SensTMatVec
0;2;12.127544;40;9.071305484553704e-9;66.515082327;getData
0;2;12.127544;20;7.52295964048244e-5;33.289843916;SensTMatVec
0;2;10.78004;23;8.354740566574037e-5;34.318184091;SensMatVec
0;2;10.78004;19;7.175988866947591e-5;28.23572996;SensTMatVec
0;2;12.127544;24;9.98325485852547e-5;39.58378993;SensMatVec
0;2;12.127544;20;8.75097030075267e-5;32.903077395;SensTMatVec
0;2;10.78004;23;7.336994167417288e-5;33.954916062;SensMatVec
0;2;10.78004;18;9.67474770732224e-5;26.578197932;SensTMatVec
0;2;12.127544;24;9.418616537004709e-5;39.719157277;SensMatVec
0;2;12.127544;20;7.356492278631777e-5;32.962907249;SensTMatVec
0;2;10.78004;20;9.822096762945876e-5;29.457721755;SensMatVec
0;2;10.78004;18;8.392742165597156e-5;26.552083618;SensTMatVec
0;2;12.127544;23;9.982376650441438e-5;37.975842948;SensMatVec
0;2;12.127544;20;6.673883035546169e-5;32.941239034;SensTMatVec
0;2;10.78004;23;6.660051440121606e-5;34.035043885;SensMatVec
0;2;10.78004;19;6.984321953495964e-5;28.099092516;SensTMatVec
0;2;12.127544;24;7.501609070459381e-5;39.684829498;SensMatVec
0;2;12.127544;20;8.450019231531769e-5;33.107097732;SensTMatVec
0;2;10.78004;22;9.235695324605331e-5;32.523145896;SensMatVec
0;2;10.78004;19;6.358735117828473e-5;28.023883852;SensTMatVec
0;2;12.127544;24;6.855066021671519e-5;39.650328749;SensMatVec
0;2;12.127544;20;7.78414832893759e-5;33.019996003;SensTMatVec
0;2;10.78004;23;8.181288285413757e-5;34.07550704;SensMatVec
0;2;10.78004;19;7.532827294198796e-5;28.0290418;SensTMatVec
0;2;12.127544;25;6.477132410509512e-5;41.30749225;SensMatVec
0;2;12.127544;20;9.070747182704508e-5;33.04310552;SensTMatVec
0;2;10.78004;20;9.963160118786618e-5;29.55036137;SensMatVec
0;2;10.78004;19;5.963613511994481e-5;28.070278397;SensTMatVec
0;2;12.127544;24;5.994057210045867e-5;39.699153901;SensMatVec
0;2;12.127544;20;7.25399877410382e-5;33.079943032;SensTMatVec
0;2;10.78004;39;8.974947007800438e-9;57.583838472;getData
0;2;12.127544;40;7.296311110849274e-9;66.133526404;getData
0;2;10.78004;19;6.231160659808666e-5;28.089328059;SensTMatVec
0;2;12.127544;20;7.02761099091731e-5;33.077577359;SensTMatVec
0;2;10.78004;23;6.945781933609396e-5;34.385802433;SensMatVec
0;2;10.78004;19;8.478002564515918e-5;27.873529456;SensTMatVec
0;2;12.127544;24;6.100231985328719e-5;39.503708579;SensMatVec
0;2;12.127544;20;7.437160820700228e-5;32.902953888;SensTMatVec
0;2;10.78004;23;8.729184628464282e-5;33.965340604;SensMatVec
0;2;10.78004;19;7.347638165811077e-5;28.021447781;SensTMatVec
0;2;12.127544;24;8.626143971923739e-5;39.621458693;SensMatVec
0;2;12.127544;20;8.978303958429024e-5;32.935174291;SensTMatVec
0;2;10.78004;22;9.711791790323332e-5;32.530030646;SensMatVec
0;2;10.78004;19;6.757773371646181e-5;27.94309963;SensTMatVec
0;2;12.127544;24;6.228937127161771e-5;39.604998979;SensMatVec
0;2;12.127544;20;6.923539331182837e-5;32.956366464;SensTMatVec
0;2;10.78004;23;9.899589349515736e-5;33.924586107;SensMatVec
0;2;10.78004;19;7.593882037326694e-5;27.987032453;SensTMatVec
0;2;12.127544;24;6.771651533199474e-5;39.597007905;SensMatVec
0;2;12.127544;20;6.775730435037985e-5;32.976235676;SensTMatVec
0;2;10.78004;22;9.999636677093804e-5;32.616317697;SensMatVec
0;2;10.78004;19;8.085860463324934e-5;28.013949424;SensTMatVec
0;2;12.127544;24;6.329757161438465e-5;39.669140721;SensMatVec
0;2;12.127544;20;7.154789636842906e-5;32.994576685;SensTMatVec
0;2;10.78004;23;7.925216777948663e-5;33.997832706;SensMatVec
0;2;10.78004;19;8.468751184409484e-5;28.047551671;SensTMatVec
0;2;12.127544;24;6.704534462187439e-5;39.780859993;SensMatVec
0;2;12.127544;20;8.453183545498177e-5;33.048660306;SensTMatVec
0;2;10.78004;22;9.820439299801365e-5;32.586981511;SensMatVec
0;2;10.78004;19;6.502713222289458e-5;28.081026002;SensTMatVec
0;2;12.127544;24;5.7268076488981023e-5;39.70583121;SensMatVec
0;2;12.127544;20;7.095048204064369e-5;33.050309086;SensTMatVec
0;2;10.78004;39;6.998293944349143e-9;57.780575965;getData
0;2;12.127544;40;8.805400852907042e-9;66.161256729;getData
0;2;10.78004;19;6.389850022969767e-5;28.128102844;SensTMatVec
0;2;12.127544;20;7.651776832062751e-5;33.088908796;SensTMatVec
0;2;10.78004;23;7.487956463592127e-5;34.347374114;SensMatVec
0;2;10.78004;19;7.578278746223077e-5;27.965303726;SensTMatVec
0;2;12.127544;24;7.90889753261581e-5;39.553544483;SensMatVec
0;2;12.127544;20;7.99477202235721e-5;32.867126359;SensTMatVec
0;2;10.78004;23;9.229360148310661e-5;33.877946012;SensMatVec
0;2;10.78004;19;8.321737550431862e-5;27.976112388;SensTMatVec
0;2;12.127544;24;8.373489981750026e-5;39.563818651;SensMatVec
0;2;12.127544;20;9.335720096714795e-5;32.887449835;SensTMatVec
0;2;10.78004;23;8.210785745177418e-5;33.843970242;SensMatVec
0;2;10.78004;19;6.449624197557569e-5;27.951251655;SensTMatVec
0;2;12.127544;24;8.063005225267261e-5;39.548891358;SensMatVec
0;2;12.127544;20;6.659412611043081e-5;32.89964798;SensTMatVec
0;2;10.78004;22;7.83202558523044e-5;32.510042176;SensMatVec
0;2;10.78004;19;6.817819667048752e-5;27.996451013;SensTMatVec
0;2;12.127544;23;8.908237214200199e-5;37.998885243;SensMatVec
0;2;12.127544;20;7.839249155949801e-5;32.922475857;SensTMatVec
0;2;10.78004;23;9.597474127076566e-5;33.997917913;SensMatVec
0;2;10.78004;19;8.638694271212444e-5;28.008305003;SensTMatVec
0;2;12.127544;24;8.049827010836452e-5;39.630912448;SensMatVec
0;2;12.127544;20;9.049060463439673e-5;32.966035261;SensTMatVec
0;2;10.78004;24;6.46698972559534e-5;35.505285801;SensMatVec
0;2;10.78004;19;8.352611621376127e-5;28.056738562;SensTMatVec
0;2;12.127544;24;8.957039972301573e-5;39.629349213;SensMatVec
0;2;12.127544;20;9.344548743683845e-5;32.966309127;SensTMatVec
0;2;10.78004;22;9.22613762668334e-5;32.577963031;SensMatVec
0;2;10.78004;19;6.134407158242539e-5;28.073349179;SensTMatVec
0;2;12.127544;24;6.168499385239556e-5;39.734631386;SensMatVec
0;2;12.127544;20;7.699021807638928e-5;33.014835671;SensTMatVec
0;2;10.78004;39;8.611183766049635e-9;57.552043967;getData
0;2;12.127544;40;6.556006848512652e-9;65.957569806;getData
0;2;10.78004;19;6.208019476616755e-5;28.149219;SensTMatVec
0;2;12.127544;20;6.911664240760729e-5;33.151857997;SensTMatVec
0;2;10.78004;23;9.1349589638412e-5;34.368230736;SensMatVec
0;2;10.78004;19;6.850049248896539e-5;27.889459615;SensTMatVec
0;2;12.127544;24;8.31409779493697e-5;39.520566625;SensMatVec
0;2;12.127544;20;8.226645149989054e-5;32.90498476;SensTMatVec
0;2;10.78004;23;9.47929365793243e-5;33.87468974;SensMatVec
0;2;10.78004;19;8.91315721673891e-5;27.950723766;SensTMatVec
0;2;12.127544;24;6.510343519039452e-5;39.596261261;SensMatVec
0;2;12.127544;20;7.8031029261183e-5;32.954968059;SensTMatVec
0;2;10.78004;23;8.019074448384345e-5;33.883429147;SensMatVec
0;2;10.78004;19;8.118759433273226e-5;27.957288844;SensTMatVec
0;2;12.127544;24;7.567577995359898e-5;39.535965607;SensMatVec
0;2;12.127544;20;7.612677291035652e-5;32.920618891;SensTMatVec
0;2;10.78004;23;7.386259676422924e-5;33.95684967;SensMatVec
0;2;10.78004;19;7.595348142785951e-5;27.998328147;SensTMatVec
0;2;12.127544;24;6.171658606035635e-5;39.685905188;SensMatVec
0;2;12.127544;20;7.012434798525646e-5;32.98092782;SensTMatVec
0;2;10.78004;22;9.982595656765625e-5;32.476860267;SensMatVec
0;2;10.78004;19;7.851723057683557e-5;28.000398136;SensTMatVec
0;2;12.127544;23;9.36494252528064e-5;38.01662167;SensMatVec
0;2;12.127544;20;6.800363189540803e-5;32.906096998;SensTMatVec
0;2;10.78004;24;6.146903615444899e-5;35.474211453;SensMatVec
0;2;10.78004;19;8.094571239780635e-5;28.047325006;SensTMatVec
0;2;12.127544;24;8.396020712098107e-5;39.61841652;SensMatVec
0;2;12.127544;20;8.475466893287376e-5;33.066210342;SensTMatVec
0;2;10.78004;22;8.575659740017727e-5;32.602138084;SensMatVec
0;2;10.78004;19;7.384539640042931e-5;28.094736886;SensTMatVec
0;2;12.127544;23;9.002109436551109e-5;38.069188476;SensMatVec
0;2;12.127544;20;6.186827522469684e-5;33.039986394;SensTMatVec
0;2;10.78004;39;6.579908173875992e-9;57.616447512;getData
0;2;12.127544;40;9.251356125616894e-9;66.083944095;getData
0;2;10.78004;19;6.63132086629048e-5;28.158742912;SensTMatVec
0;2;12.127544;20;7.948299025883898e-5;33.076980191;SensTMatVec
0;2;10.78004;23;7.248924521263689e-5;34.394706757;SensMatVec
0;2;10.78004;19;7.697343971813098e-5;27.908712832;SensTMatVec
0;2;12.127544;24;8.238819282269105e-5;39.559259982;SensMatVec
0;2;12.127544;20;8.419965161010623e-5;32.884858381;SensTMatVec
0;2;10.78004;23;9.820573905017227e-5;33.90027432;SensMatVec
0;2;10.78004;19;8.876599895302206e-5;28.000416582;SensTMatVec
0;2;12.127544;24;8.94714830792509e-5;39.571089475;SensMatVec
0;2;12.127544;20;9.657866030465811e-5;32.894474932;SensTMatVec
0;2;10.78004;23;9.428124758414924e-5;33.908628277;SensMatVec
0;2;10.78004;19;6.81722885929048e-5;27.935995799;SensTMatVec
0;2;12.127544;24;9.532651165500283e-5;39.547235472;SensMatVec
0;2;12.127544;20;7.202856068033725e-5;32.898869411;SensTMatVec
0;2;10.78004;22;8.17557011032477e-5;32.448080687;SensMatVec
0;2;10.78004;19;6.539985770359635e-5;27.987358884;SensTMatVec
0;2;12.127544;24;5.8638124755816534e-5;39.631340899;SensMatVec
0;2;12.127544;20;7.244511652970687e-5;32.969102737;SensTMatVec
0;2;10.78004;23;8.980957500170916e-5;34.001621796;SensMatVec
0;2;10.78004;19;8.275171421701089e-5;28.009320734;SensTMatVec
0;2;12.127544;24;8.466812869301066e-5;39.639444153;SensMatVec
0;2;12.127544;22;6.826809840276837e-5;36.392277054;SensTMatVec
0;2;10.78004;24;6.385334563674405e-5;35.475565498;SensMatVec
0;2;10.78004;19;8.320657070726156e-5;27.989373776;SensTMatVec
0;2;12.127544;24;8.957719546742737e-5;39.620107744;SensMatVec
0;2;12.127544;20;9.309646702604368e-5;32.950043336;SensTMatVec
0;2;10.78004;23;8.507105667376891e-5;34.030271367;SensMatVec
0;2;10.78004;19;6.47476117592305e-5;28.033852238;SensTMatVec
0;2;12.127544;24;7.354991976171732e-5;39.661727862;SensMatVec
0;2;12.127544;20;8.049447933444753e-5;33.046464274;SensTMatVec
0;2;10.78004;40;6.6072662896488055e-9;59.250920899;getData
0;2;12.127544;40;7.515160049820224e-9;66.055512761;getData
0;2;10.78004;19;6.977458542678505e-5;28.136769386;SensTMatVec
0;2;12.127544;20;7.801761239534244e-5;33.151623879;SensTMatVec
0;2;10.78004;22;9.995140135288239e-5;33.029794611;SensMatVec
0;2;10.78004;19;7.325659680645913e-5;28.120567228;SensTMatVec
0;2;12.127544;24;7.999419904081151e-5;39.446350987;SensMatVec
0;2;12.127544;20;8.167257328750566e-5;32.841110781;SensTMatVec
0;2;10.78004;24;6.734638736816123e-5;35.324356341;SensMatVec
0;2;10.78004;20;6.585160735994577e-5;29.451218136;SensTMatVec
0;2;12.127544;24;7.721019210293889e-5;39.577883836;SensMatVec
0;2;12.127544;20;8.673588308738545e-5;33.04614192;SensTMatVec
0;2;10.78004;24;6.0964135627727956e-5;35.326246653;SensMatVec
0;2;10.78004;19;7.854993600631133e-5;27.989971647;SensTMatVec
0;2;12.127544;24;8.628762589069083e-5;39.534172323;SensMatVec
0;2;12.127544;20;7.768356590531766e-5;32.889962007;SensTMatVec
0;2;10.78004;23;7.595078204758465e-5;33.909239997;SensMatVec
0;2;10.78004;19;9.184791269944981e-5;27.933240325;SensTMatVec
0;2;12.127544;24;6.778738315915689e-5;39.576063593;SensMatVec
0;2;12.127544;20;8.267529483418912e-5;32.890632085;SensTMatVec
0;2;10.78004;23;7.466162060154602e-5;33.933272539;SensMatVec
0;2;10.78004;19;7.896928582340479e-5;27.943496812;SensTMatVec
0;2;12.127544;24;6.348805618472397e-5;39.600620563;SensMatVec
0;2;12.127544;20;7.714336970821023e-5;32.960151342;SensTMatVec
0;2;10.78004;24;7.024937076494098e-5;35.509337616;SensMatVec
0;2;10.78004;19;9.389219485456124e-5;28.050472945;SensTMatVec
0;2;12.127544;24;9.447793854633346e-5;39.665066789;SensMatVec
0;2;12.127544;20;9.439151472179219e-5;32.96689118;SensTMatVec
0;2;10.78004;23;7.074432505760342e-5;34.047295926;SensMatVec
0;2;10.78004;19;9.069723455468193e-5;28.074459167;SensTMatVec
0;2;12.127544;24;6.298999505816028e-5;39.734695048;SensMatVec
0;2;12.127544;20;7.409066893160343e-5;33.051036767;SensTMatVec
0;2;10.78004;39;7.273050606215747e-9;57.628508296;getData
0;2;12.127544;49;6.794425466694065e-9;80.987107932;getData
0;2;10.78004;19;7.003780774539337e-5;28.072370935;SensTMatVec
0;2;12.127544;20;8.496077498421073e-5;33.117640236;SensTMatVec
0;2;10.78004;23;9.138923633145168e-5;34.439730938;SensMatVec
0;2;10.78004;19;9.369498729938641e-5;28.256311528;SensTMatVec
0;2;12.127544;24;8.71087540872395e-5;39.626864018;SensMatVec
0;2;12.127544;22;6.759745156159624e-5;36.288828012;SensTMatVec
0;2;10.78004;23;8.086875459412113e-5;33.959199159;SensMatVec
0;2;10.78004;19;7.684875890845433e-5;27.958524442;SensTMatVec
0;2;12.127544;24;9.948384831659496e-5;39.543356072;SensMatVec
0;2;12.127544;20;9.338244854006916e-5;32.891224508;SensTMatVec
0;2;10.78004;24;6.053690594853833e-5;35.312929576;SensMatVec
0;2;10.78004;19;7.805493078194559e-5;27.991023122;SensTMatVec
0;2;12.127544;25;6.37147604720667e-5;41.238045005;SensMatVec
0;2;12.127544;20;8.371739386348054e-5;32.855891207;SensTMatVec
0;2;10.78004;22;9.281032544095069e-5;32.428115357;SensMatVec
0;2;10.78004;19;6.809539627283812e-5;27.935190966;SensTMatVec
0;2;12.127544;24;6.992867565713823e-5;39.563256758;SensMatVec
0;2;12.127544;20;7.556315540568903e-5;32.914353712;SensTMatVec
0;2;10.78004;23;8.8014334323816e-5;33.940433174;SensMatVec
0;2;10.78004;19;8.374185563297942e-5;27.999411651;SensTMatVec
0;2;12.127544;24;8.750858978601173e-5;39.594623464;SensMatVec
0;2;12.127544;22;7.362611358985305e-5;36.303293563;SensTMatVec
0;2;10.78004;23;9.482996392762288e-5;34.029710144;SensMatVec
0;2;10.78004;19;8.239188900915906e-5;28.115887795;SensTMatVec
0;2;12.127544;24;8.25251845526509e-5;39.651722666;SensMatVec
0;2;12.127544;20;9.497919381828979e-5;32.998677911;SensTMatVec
0;2;10.78004;23;7.77011809987016e-5;34.03027163;SensMatVec
0;2;10.78004;19;6.882732850499451e-5;28.046569423;SensTMatVec
0;2;12.127544;24;8.733848517294973e-5;39.686583411;SensMatVec
0;2;12.127544;20;9.017618140205741e-5;33.101530273;SensTMatVec
0;2;10.78004;40;8.661544370625052e-9;58.974683551;getData
0;2;12.127544;40;8.93756357811526e-9;66.056506325;getData
0;2;10.78004;19;8.378758502658457e-5;28.10777551;SensTMatVec
0;2;12.127544;20;9.247376874554902e-5;33.115028089;SensTMatVec
0;2;10.78004;24;6.0928749007871374e-5;36.075063566;SensMatVec
0;2;10.78004;19;9.850643255049363e-5;27.950015671;SensTMatVec
0;2;12.127544;24;8.748575783101842e-5;39.525319331;SensMatVec
0;2;12.127544;20;9.086682257475331e-5;32.831773905;SensTMatVec
0;2;10.78004;24;8.280738984467462e-5;35.296327166;SensMatVec
0;2;10.78004;20;7.452101272065192e-5;29.345425432;SensTMatVec
0;2;12.127544;25;6.53693059575744e-5;41.141380153;SensMatVec
0;2;12.127544;22;7.011264096945524e-5;36.266494322;SensTMatVec
0;2;10.78004;24;6.940016464795917e-5;35.325384035;SensMatVec
0;2;10.78004;19;8.995387906907126e-5;27.941827845;SensTMatVec
0;2;12.127544;25;6.530834798468277e-5;41.170305212;SensMatVec
0;2;12.127544;20;8.90826850081794e-5;32.921667327;SensTMatVec
0;2;10.78004;23;9.701999806566164e-5;33.876364224;SensMatVec
0;2;10.78004;20;6.514440610771999e-5;29.467702439;SensTMatVec
0;2;12.127544;24;7.936105248518288e-5;39.520510385;SensMatVec
0;2;12.127544;20;9.064006007974967e-5;32.884146231;SensTMatVec
0;2;10.78004;23;8.689705282449722e-5;33.94138198;SensMatVec
0;2;10.78004;19;9.095604036701843e-5;27.948177692;SensTMatVec
0;2;12.127544;24;7.97234388301149e-5;39.575779441;SensMatVec
0;2;12.127544;20;9.027859778143466e-5;32.981394279;SensTMatVec
0;2;10.78004;23;9.915130794979632e-5;33.968958707;SensMatVec
0;2;10.78004;20;7.161637768149376e-5;29.4877578;SensTMatVec
0;2;12.127544;24;7.97513930592686e-5;39.639394465;SensMatVec
0;2;12.127544;22;6.950469833100215e-5;36.419531;SensTMatVec
0;2;10.78004;24;8.10363853815943e-5;35.48626876;SensMatVec
0;2;10.78004;19;9.984694042941555e-5;28.062247665;SensTMatVec
0;2;12.127544;25;7.214747893158346e-5;41.290523764;SensMatVec
0;2;12.127544;22;6.812268838984892e-5;36.374355025;SensTMatVec
0;2;10.78004;39;8.511020332946373e-9;57.481060104;getData
0;2;12.127544;49;6.928257967331319e-9;80.764507131;getData
0;2;10.78004;19;7.825953071005642e-5;28.145263901;SensTMatVec
0;2;12.127544;20;9.387094178237021e-5;33.03657906;SensTMatVec
0;2;10.78004;24;6.264183321036398e-5;36.06592747;SensMatVec
0;2;10.78004;19;8.416183845838532e-5;28.086918485;SensTMatVec
0;2;12.127544;25;7.537217607023194e-5;41.256686527;SensMatVec
0;2;12.127544;22;7.126310811145231e-5;36.398805943;SensTMatVec
0;2;10.78004;24;6.596714956685901e-5;35.469003753;SensMatVec
0;2;10.78004;20;6.567179661942646e-5;29.524433378;SensTMatVec
0;2;12.127544;24;9.710497397463769e-5;39.758776361;SensMatVec
0;2;12.127544;22;7.706967880949378e-5;36.436251073;SensTMatVec
0;2;10.78004;24;6.497126014437526e-5;35.523458831;SensMatVec
0;2;10.78004;19;8.408874418819323e-5;27.975151283;SensTMatVec
0;2;12.127544;25;6.803114229114726e-5;41.207107112;SensMatVec
0;2;12.127544;20;9.32111797737889e-5;32.970241603;SensTMatVec
0;2;10.78004;22;9.620382479624823e-5;32.471068571;SensMatVec
0;2;10.78004;19;7.781753811286762e-5;27.969508483;SensTMatVec
0;2;12.127544;24;7.431088306475431e-5;39.654165608;SensMatVec
0;2;12.127544;20;8.344724483322352e-5;32.967521782;SensTMatVec
0;2;10.78004;24;6.1729850131087e-5;35.436755334;SensMatVec
0;2;10.78004;19;9.423768642591313e-5;27.990749666;SensTMatVec
0;2;12.127544;25;6.523176125483587e-5;41.256117372;SensMatVec
0;2;12.127544;22;7.679397094761953e-5;36.381545432;SensTMatVec
0;2;10.78004;23;9.724529809318483e-5;33.994187028;SensMatVec
0;2;10.78004;19;8.135390089591965e-5;28.098332528;SensTMatVec
0;2;12.127544;25;6.470381049439311e-5;41.457361618;SensMatVec
0;2;12.127544;20;9.861288708634675e-5;33.098307105;SensTMatVec
0;2;10.78004;23;8.972641808213666e-5;34.007761227;SensMatVec
0;2;10.78004;19;8.567088661948219e-5;28.09927283;SensTMatVec
0;2;12.127544;24;8.030662866076455e-5;39.73412026;SensMatVec
0;2;12.127544;22;6.956374272704124e-5;36.404487119;SensTMatVec
0;2;10.78004;48;8.232337478375484e-9;71.035054799;getData
0;2;12.127544;49;7.399088897130923e-9;80.829950448;getData
0;2;10.78004;20;6.461169687099755e-5;29.622096843;SensTMatVec
0;2;12.127544;22;7.862121128709987e-5;36.479510886;SensTMatVec
0;2;10.78004;25;6.343425047816709e-5;37.637981669;SensMatVec
0;2;10.78004;20;9.127050725510344e-5;29.433409816;SensTMatVec
0;2;12.127544;25;7.719082350376993e-5;41.239944107;SensMatVec
0;2;12.127544;22;8.029130549402907e-5;36.350808601;SensTMatVec
0;2;10.78004;24;6.935633427929133e-5;35.40369166;SensMatVec
0;2;10.78004;20;6.279027729760855e-5;29.40570933;SensTMatVec
0;2;12.127544;25;7.099181675584987e-5;41.201342067;SensMatVec
0;2;12.127544;22;7.385793287539855e-5;36.331181135;SensTMatVec
0;2;10.78004;24;8.075180812738836e-5;35.442697372;SensMatVec
0;2;10.78004;20;6.698192737530917e-5;29.539166989;SensTMatVec
0;2;12.127544;25;8.017249638214707e-5;41.348221174;SensMatVec
0;2;12.127544;22;7.693932275287807e-5;36.408885746;SensTMatVec
0;2;10.78004;24;8.355238242074847e-5;35.370546607;SensMatVec
0;2;10.78004;20;8.206653001252562e-5;29.466165724;SensTMatVec
0;2;12.127544;25;6.78715732647106e-5;41.23551664;SensMatVec
0;2;12.127544;22;7.439227920258418e-5;36.32648365;SensTMatVec
0;2;10.78004;24;6.04108972765971e-5;35.386248042;SensMatVec
0;2;10.78004;20;6.66635824018158e-5;29.458204628;SensTMatVec
0;2;12.127544;24;9.38864832278341e-5;39.598796754;SensMatVec
0;2;12.127544;22;7.182227273005992e-5;36.325556936;SensTMatVec
0;2;10.78004;24;7.468162220902741e-5;35.431681749;SensMatVec
0;2;10.78004;20;8.064057328738272e-5;29.454812894;SensTMatVec
0;2;12.127544;25;6.53168826829642e-5;41.304439409;SensMatVec
0;2;12.127544;22;7.955893670441583e-5;36.429360718;SensTMatVec
0;2;10.78004;24;9.159441833617166e-5;35.50754735;SensMatVec
0;2;10.78004;20;9.694693289930001e-5;29.526927827;SensTMatVec
0;2;12.127544;25;7.72069106460549e-5;41.3743621;SensMatVec
0;2;12.127544;22;9.458440763410181e-5;36.386524169;SensTMatVec
0;2;10.78004;40;6.393924945058416e-9;59.101016706;getData
0;2;12.127544;49;7.101780052920503e-9;81.045714057;getData
0;2;10.78004;19;9.06619243323803e-5;28.053301036;SensTMatVec
0;2;12.127544;22;7.268679473781958e-5;36.521061628;SensTMatVec
0;2;10.78004;24;9.629529813537374e-5;36.112216461;SensMatVec
0;2;10.78004;20;7.635771908098832e-5;29.369238276;SensTMatVec
0;2;12.127544;25;9.789298928808421e-5;41.122568539;SensMatVec
0;2;12.127544;22;9.411197243025526e-5;36.225000011;SensTMatVec
0;2;10.78004;24;6.249568104976788e-5;35.382339066;SensMatVec
0;2;10.78004;20;7.118001667549834e-5;29.477052479;SensTMatVec
0;2;12.127544;25;6.926036439836025e-5;41.273679525;SensMatVec
0;2;12.127544;22;8.011631871340796e-5;36.319793549;SensTMatVec
0;2;10.78004;24;7.516970072174445e-5;35.381622301;SensMatVec
0;2;10.78004;19;9.907928324537352e-5;28.003086002;SensTMatVec
0;2;12.127544;25;7.594800263177603e-5;41.142590229;SensMatVec
0;2;12.127544;22;7.389875099761412e-5;36.298956183;SensTMatVec
0;2;10.78004;23;7.650650513824075e-5;33.920155781;SensMatVec
0;2;10.78004;19;8.999281271826476e-5;28.016042246;SensTMatVec
0;2;12.127544;24;8.581850852351636e-5;39.674216024;SensMatVec
0;2;12.127544;20;9.995650179916993e-5;32.983732799;SensTMatVec
0;2;10.78004;24;7.016490417299792e-5;35.466686881;SensMatVec
0;2;10.78004;20;6.435556133510545e-5;29.506411325;SensTMatVec
0;2;12.127544;25;7.984329567989334e-5;41.264231023;SensMatVec
0;2;12.127544;22;8.375232573598623e-5;36.372960192;SensTMatVec
0;2;10.78004;23;7.886253297328949e-5;33.972468819;SensMatVec
0;2;10.78004;19;9.030717774294317e-5;27.988619398;SensTMatVec
0;2;12.127544;24;7.943311356939375e-5;39.673275493;SensMatVec
0;2;12.127544;20;9.358004899695516e-5;32.996869344;SensTMatVec
0;2;10.78004;24;7.79565962147899e-5;35.50624606;SensMatVec
0;2;10.78004;20;6.734563066856936e-5;29.539156751;SensTMatVec
0;2;12.127544;25;8.517209789715707e-5;41.415657517;SensMatVec
0;2;12.127544;22;8.887765579856932e-5;36.546531736;SensTMatVec
0;2;10.78004;48;9.761802033381173e-9;70.878920435;getData
0;2;12.127544;49;8.045713428828094e-9;80.932593652;getData
0;2;10.78004;20;8.280836482299492e-5;29.63049307;SensTMatVec
0;2;12.127544;22;9.99979383777827e-5;36.532038837;SensTMatVec
0;2;10.78004;25;9.245756518794224e-5;37.592979897;SensMatVec
0;2;10.78004;22;7.906684186309576e-5;32.407101488;SensTMatVec
0;2;12.127544;26;7.509618444601074e-5;42.793559321;SensMatVec
0;2;12.127544;23;7.344457844737917e-5;37.87228079;SensTMatVec
0;2;10.78004;25;6.804298027418554e-5;36.786444541;SensMatVec
0;2;10.78004;22;7.139550143619999e-5;32.420498421;SensTMatVec
0;2;12.127544;25;8.746929233893752e-5;41.292393585;SensMatVec
0;2;12.127544;22;9.627662802813575e-5;36.541475989;SensTMatVec
0;2;10.78004;25;6.59258512314409e-5;37.01234063;SensMatVec
0;2;10.78004;20;8.179089491022751e-5;29.596415274;SensTMatVec
0;2;12.127544;26;6.407646287698299e-5;43.129844406;SensMatVec
0;2;12.127544;22;9.633090667193756e-5;36.643525046;SensTMatVec
0;2;10.78004;24;7.947347330627963e-5;35.629034256;SensMatVec
0;2;10.78004;20;9.35400094022043e-5;29.709544998;SensTMatVec
0;2;12.127544;25;7.098489732015878e-5;41.552286778;SensMatVec
0;2;12.127544;22;8.998006524052471e-5;36.444850515;SensTMatVec
0;2;10.78004;25;7.341922173509374e-5;37.146129404;SensMatVec
0;2;10.78004;22;7.446498784702271e-5;32.798832638;SensTMatVec
0;2;12.127544;25;9.068920917343348e-5;41.490943473;SensMatVec
0;2;12.127544;23;7.351666135946289e-5;38.196597065;SensTMatVec
0;2;10.78004;25;8.051726763369516e-5;37.21041998;SensMatVec
0;2;10.78004;22;7.542582170572132e-5;32.85171278;SensTMatVec
0;2;12.127544;26;6.498132279375568e-5;43.261833405;SensMatVec
0;2;12.127544;23;7.533852476626635e-5;38.105628041;SensTMatVec
0;2;10.78004;25;7.453130092471838e-5;37.034510489;SensMatVec
0;2;10.78004;22;7.047696271911263e-5;32.648283599;SensTMatVec
0;2;12.127544;26;6.546006625285372e-5;43.047292686;SensMatVec
0;2;12.127544;23;7.207637099782005e-5;38.176579023;SensTMatVec
0;2;10.78004;40;9.126747357868226e-9;59.313783987;getData
0;2;12.127544;49;8.517897498450111e-9;81.135387419;getData
0;2;10.78004;20;6.946098437765613e-5;29.732224238;SensTMatVec
0;2;12.127544;22;9.46432919590734e-5;36.762663512;SensTMatVec
0;2;10.78004;25;7.165110582718626e-5;37.702008661;SensMatVec
0;2;10.78004;20;8.323623478645459e-5;29.449673561;SensTMatVec
0;2;12.127544;26;8.617202547611669e-5;42.842516877;SensMatVec
0;2;12.127544;23;8.061477274168283e-5;37.969655818;SensTMatVec
0;2;10.78004;24;8.6895604908932e-5;35.396421656;SensMatVec
0;2;10.78004;20;8.243349293479696e-5;29.424829632;SensTMatVec
0;2;12.127544;26;6.472323002526537e-5;42.900369435;SensMatVec
0;2;12.127544;23;7.056602044031024e-5;37.987756546;SensTMatVec
0;2;10.78004;24;7.850832480471581e-5;35.436047893;SensMatVec
0;2;10.78004;20;8.357063779840246e-5;29.551292354;SensTMatVec
0;2;12.127544;25;9.918262367136776e-5;41.368453897;SensMatVec
0;2;12.127544;23;7.259852282004431e-5;38.030814428;SensTMatVec
0;2;10.78004;24;9.132574632531032e-5;35.579865858;SensMatVec
0;2;10.78004;20;7.794328121235594e-5;29.535874951;SensTMatVec
0;2;12.127544;25;8.650933887111023e-5;41.462793566;SensMatVec
0;2;12.127544;22;9.958668670151383e-5;36.574329612;SensTMatVec
0;2;10.78004;24;6.783408753108233e-5;35.565644336;SensMatVec
0;2;10.78004;20;7.408158126054332e-5;29.516073472;SensTMatVec
0;2;12.127544;25;7.94964944361709e-5;41.39045605;SensMatVec
0;2;12.127544;23;6.950912211323157e-5;38.033049711;SensTMatVec
0;2;10.78004;24;8.303766662720591e-5;35.579325558;SensMatVec
0;2;10.78004;20;8.113959484035149e-5;29.555839708;SensTMatVec
0;2;12.127544;26;6.745092832716182e-5;43.052782824;SensMatVec
0;2;12.127544;23;8.143858576659113e-5;38.106522994;SensTMatVec
0;2;10.78004;24;6.4088984800037e-5;35.613502566;SensMatVec
0;2;10.78004;20;6.994327122811228e-5;29.594767092;SensTMatVec
0;2;12.127544;25;7.692304643569514e-5;41.36773022;SensMatVec
0;2;12.127544;22;9.107909863814712e-5;36.509768764;SensTMatVec
0;2;10.78004;49;6.815605413379444e-9;72.625686139;getData
0;2;12.127544;49;9.38465039013181e-9;81.291129598;getData
0;2;10.78004;20;9.361877164337784e-5;29.730178772;SensTMatVec
0;2;12.127544;23;8.269248792203143e-5;38.401886916;SensTMatVec
0;2;10.78004;25;9.82299679890275e-5;37.682308901;SensMatVec
0;2;10.78004;22;8.655589772388339e-5;32.494624812;SensTMatVec
0;2;12.127544;27;6.486592610599473e-5;44.513014535;SensMatVec
0;2;12.127544;23;9.4169496151153e-5;37.973586239;SensTMatVec
0;2;10.78004;25;8.123389125103131e-5;36.866758482;SensMatVec
0;2;10.78004;22;7.98722539911978e-5;32.572452641;SensTMatVec
0;2;12.127544;26;7.10323074599728e-5;42.96928425;SensMatVec
0;2;12.127544;23;8.256905130110681e-5;38.032673249;SensTMatVec
0;2;10.78004;25;8.675894059706479e-5;36.882651701;SensMatVec
0;2;10.78004;22;8.300622721435502e-5;32.560094166;SensTMatVec
0;2;12.127544;26;8.001241803867742e-5;43.075303046;SensMatVec
0;2;12.127544;23;8.992700168164447e-5;38.179569356;SensTMatVec
0;2;10.78004;24;8.614882972324267e-5;35.419372429;SensMatVec
0;2;10.78004;20;9.669220162322745e-5;29.611904903;SensTMatVec
0;2;12.127544;25;9.339191456092522e-5;41.424889838;SensMatVec
0;2;12.127544;23;7.826257933629677e-5;38.199331644;SensTMatVec
0;2;10.78004;25;7.63933130656369e-5;37.056101931;SensMatVec
0;2;10.78004;22;8.144578168867156e-5;32.678088305;SensTMatVec
0;2;12.127544;26;6.922158354427665e-5;42.974558029;SensMatVec
0;2;12.127544;23;8.261817129096016e-5;38.171592337;SensTMatVec
0;2;10.78004;25;9.398612019140273e-5;37.071993843;SensMatVec
0;2;10.78004;22;8.908413292374462e-5;32.630492969;SensTMatVec
0;2;12.127544;26;9.480416338192299e-5;43.077192696;SensMatVec
0;2;12.127544;23;9.538072481518611e-5;38.229216891;SensTMatVec
0;2;10.78004;25;7.002810161793604e-5;37.075738549;SensMatVec
0;2;10.78004;22;7.787378854118288e-5;32.739478848;SensTMatVec
0;2;12.127544;26;6.545335781993344e-5;43.142665997;SensMatVec
0;2;12.127544;23;9.317442163592204e-5;38.256917093;SensTMatVec
0;2;10.78004;48;9.374044651622171e-9;71.181057276;getData
0;2;12.127544;49;9.321847294074814e-9;81.442182957;getData
0;2;10.78004;20;8.708809764357284e-5;29.699600566;SensTMatVec
0;2;12.127544;23;7.726145850028843e-5;38.209174386;SensTMatVec
0;2;10.78004;25;9.302553371526301e-5;37.586495692;SensMatVec
0;2;10.78004;22;7.435343286488205e-5;32.448873977;SensTMatVec
0;2;12.127544;27;7.708775228820741e-5;44.502555803;SensMatVec
0;2;12.127544;24;6.259655492613092e-5;39.68550641;SensTMatVec
0;2;10.78004;25;7.214295328594744e-5;36.866266737;SensMatVec
0;2;10.78004;22;7.628346793353558e-5;32.567128074;SensTMatVec
0;2;12.127544;26;8.052044722717255e-5;42.946784187;SensMatVec
0;2;12.127544;23;8.92130919964984e-5;38.016834045;SensTMatVec
0;2;10.78004;25;6.591406418010592e-5;36.851939186;SensMatVec
0;2;10.78004;20;9.086221689358354e-5;29.500998107;SensTMatVec
0;2;12.127544;26;8.048411837080494e-5;42.926212419;SensMatVec
0;2;12.127544;23;8.486992010148242e-5;38.061644843;SensTMatVec
0;2;10.78004;24;7.902401557657868e-5;35.432432892;SensMatVec
0;2;10.78004;20;8.191179222194478e-5;29.564543517;SensTMatVec
0;2;12.127544;25;9.583590872352943e-5;41.426591571;SensMatVec
0;2;12.127544;23;7.620282849529758e-5;38.216442619;SensTMatVec
0;2;10.78004;24;7.389175152638927e-5;35.555748351;SensMatVec
0;2;10.78004;20;8.16902393125929e-5;29.585995301;SensTMatVec
0;2;12.127544;25;9.903321915771812e-5;41.345283237;SensMatVec
0;2;12.127544;23;8.125178283080459e-5;38.056583334;SensTMatVec
0;2;10.78004;25;7.641499541932717e-5;37.036729057;SensMatVec
0;2;10.78004;22;6.912239041412249e-5;32.673284171;SensTMatVec
0;2;12.127544;27;6.790141196688637e-5;44.765141378;SensMatVec
0;2;12.127544;23;9.973206033464521e-5;38.167352948;SensTMatVec
0;2;10.78004;25;6.434774695662782e-5;37.037571163;SensMatVec
0;2;10.78004;20;9.992901323130354e-5;29.625061496;SensTMatVec
0;2;12.127544;26;7.559295772807673e-5;43.216686657;SensMatVec
0;2;12.127544;23;9.034365939442068e-5;38.154894087;SensTMatVec
0;2;10.78004;49;6.852915568344997e-9;72.544902875;getData
0;2;12.127544;49;9.767611608424431e-9;81.085949812;getData
0;2;10.78004;22;7.318091229535639e-5;32.736354537;SensTMatVec
0;2;12.127544;23;9.907555795507506e-5;38.242045218;SensTMatVec
0;2;10.78004;26;7.477805047528818e-5;39.027007887;SensMatVec
0;2;10.78004;23;7.35269277356565e-5;33.886118553;SensTMatVec
0;2;12.127544;27;8.329315460287035e-5;44.438641029;SensMatVec
0;2;12.127544;24;7.168974843807518e-5;39.547267964;SensTMatVec
0;2;10.78004;25;9.762729314388707e-5;36.825704778;SensMatVec
0;2;10.78004;22;9.983163181459531e-5;32.554759014;SensTMatVec
0;2;12.127544;26;9.464111644774675e-5;42.88541147;SensMatVec
0;2;12.127544;24;7.074917084537446e-5;39.629422313;SensTMatVec
0;2;10.78004;25;7.322027522604913e-5;36.847362834;SensMatVec
0;2;10.78004;22;7.31537802494131e-5;32.580096697;SensTMatVec
0;2;12.127544;26;9.73826099652797e-5;42.95541468;SensMatVec
0;2;12.127544;23;9.744220005813986e-5;38.127983333;SensTMatVec
0;2;10.78004;25;7.907828694442287e-5;36.973619658;SensMatVec
0;2;10.78004;22;8.346647518919781e-5;32.495817525;SensTMatVec
0;2;12.127544;26;9.245193359674886e-5;42.964839709;SensMatVec
0;2;12.127544;24;6.565071089426056e-5;39.655307583;SensTMatVec
0;2;10.78004;25;7.479971827706322e-5;36.932138582;SensMatVec
0;2;10.78004;22;8.717226592125371e-5;32.553955072;SensTMatVec
0;2;12.127544;26;7.901821663836017e-5;42.894316334;SensMatVec
0;2;12.127544;23;9.49516543187201e-5;38.115859121;SensTMatVec
0;2;10.78004;26;6.905790360178798e-5;38.537675776;SensMatVec
0;2;10.78004;22;8.174013055395335e-5;32.675845653;SensTMatVec
0;2;12.127544;27;8.068827446550131e-5;44.778400521;SensMatVec
0;2;12.127544;24;6.893292447784916e-5;39.869194541;SensTMatVec
0;2;10.78004;25;7.977827044669539e-5;36.998398378;SensMatVec
0;2;10.78004;22;9.733050683280453e-5;32.673156625;SensTMatVec
0;2;12.127544;26;8.689014794072136e-5;43.086588218;SensMatVec
0;2;12.127544;24;6.780448165955022e-5;39.81658237;SensTMatVec
0;2;10.78004;49;6.973107868901707e-9;72.656132637;getData
0;2;12.127544;50;6.8286691856656034e-9;82.903480527;getData
0;2;10.78004;22;7.088821439538151e-5;32.760688766;SensTMatVec
0;2;12.127544;23;9.119313472183421e-5;38.276860522;SensTMatVec
0;2;10.78004;26;7.266734610311687e-5;39.128590973;SensMatVec
0;2;10.78004;22;8.880273526301607e-5;32.413715152;SensTMatVec
0;2;12.127544;28;6.486060010502115e-5;46.057705348;SensMatVec
0;2;12.127544;24;7.419694884447381e-5;39.651658511;SensTMatVec
0;2;10.78004;25;8.97470090421848e-5;36.828018758;SensMatVec
0;2;10.78004;22;9.558847523294389e-5;32.50694072;SensTMatVec
0;2;12.127544;27;6.950984243303537e-5;44.469898978;SensMatVec
0;2;12.127544;24;6.5075364545919e-5;39.552136591;SensTMatVec
0;2;10.78004;25;7.962806557770818e-5;36.844663074;SensMatVec
0;2;10.78004;22;7.412237027892843e-5;32.567273207;SensTMatVec
0;2;12.127544;27;6.641839718213305e-5;44.540375623;SensMatVec
0;2;12.127544;24;6.15920071140863e-5;39.682509774;SensTMatVec
0;2;10.78004;24;8.664211782161146e-5;35.447259767;SensMatVec
0;2;10.78004;20;9.628482803236693e-5;29.547076929;SensTMatVec
0;2;12.127544;26;7.350429950747639e-5;42.924289134;SensMatVec
0;2;12.127544;23;8.890928438631818e-5;38.025253558;SensTMatVec
0;2;10.78004;25;7.992464088601992e-5;36.934586747;SensMatVec
0;2;10.78004;22;8.134266681736335e-5;32.522813264;SensTMatVec
0;2;12.127544;27;6.851922807982191e-5;44.559233478;SensMatVec
0;2;12.127544;24;6.891694647492841e-5;39.77247214;SensTMatVec
0;2;10.78004;25;8.672312105773017e-5;36.903180358;SensMatVec
0;2;10.78004;22;7.806660141795874e-5;32.629813783;SensTMatVec
0;2;12.127544;27;7.955485489219427e-5;44.589260525;SensMatVec
0;2;12.127544;24;7.131290476536378e-5;39.760328817;SensTMatVec
0;2;10.78004;24;8.66068949108012e-5;35.528826014;SensMatVec
0;2;10.78004;20;9.544840577291325e-5;29.566422366;SensTMatVec
0;2;12.127544;26;7.855889271013439e-5;43.055341659;SensMatVec
0;2;12.127544;23;9.764981223270297e-5;38.168690907;SensTMatVec
0;2;10.78004;49;8.003861573513404e-9;72.435253411;getData
0;2;12.127544;50;6.9728778306910044e-9;82.762097423;getData
0;2;10.78004;22;8.740588236832991e-5;32.750306026;SensTMatVec
0;2;12.127544;24;7.295811519725248e-5;39.884679127;SensTMatVec
0;2;10.78004;26;8.885187708074227e-5;38.94873399;SensMatVec
0;2;10.78004;23;8.229773084167391e-5;33.892830266;SensTMatVec
0;2;12.127544;28;7.144523260649294e-5;46.057053322;SensMatVec
0;2;12.127544;24;8.769946725806221e-5;39.537389299;SensTMatVec
0;2;10.78004;25;9.887602209346369e-5;36.795585138;SensMatVec
0;2;10.78004;22;9.796776430448517e-5;32.504678213;SensTMatVec
0;2;12.127544;27;7.455564627889544e-5;44.530644143;SensMatVec
0;2;12.127544;24;8.214051922550425e-5;39.606940333;SensTMatVec
0;2;10.78004;26;7.131386519176885e-5;38.373207834;SensMatVec
0;2;10.78004;23;7.232793723233044e-5;33.996363747;SensTMatVec
0;2;12.127544;27;8.31422075862065e-5;44.55340424;SensMatVec
0;2;12.127544;24;8.275365689769387e-5;39.663730027;SensTMatVec
0;2;10.78004;26;6.843163282610476e-5;38.388755188;SensMatVec
0;2;10.78004;23;7.829618698451668e-5;34.004013764;SensTMatVec
0;2;12.127544;27;8.04962546681054e-5;44.681364217;SensMatVec
0;2;12.127544;24;7.873883441789076e-5;39.694886228;SensTMatVec
0;2;10.78004;25;7.451792771462351e-5;36.945975751;SensMatVec
